{"cameraMode":{"drawMode":0,"name":"Shaded","section":"Shading Mode"},"sceneLighting":true,"audioPlay":false,"sceneViewState":{"m_AlwaysRefresh":false,"showFog":true,"showSkybox":true,"showFlares":true,"showImageEffects":true,"showParticleSystems":true,"showVisualEffectGraphs":true,"m_FxEnabled":true},"in2DMode":false,"pivot":{"x":2.975438117980957,"y":1.4288182258605958,"z":-2.9896907806396486},"rotation":{"x":-0.13351793587207795,"y":-0.13109813630580903,"z":0.01782185584306717,"w":-0.982172966003418},"size":2.6896347999572756,"orthographic":true}